{"stats":{"minecraft:mined":{"littletiles:tiles":1,"minecraft:grass_block":3},"minecraft:used":{"minecraft:netherite_sword":75,"minecraft:snow_block":2,"littletiles:colored_water":29,"minecraft:trident":142,"minecraft:mossy_stone_bricks":10,"minecraft:dead_bush":5,"minecraft:writable_book":1,"minecraft:spruce_door":7,"minecraft:sandstone_stairs":51,"minecraft:flint_and_steel":44,"minecraft:birch_leaves":1,"minecraft:acacia_trapdoor":24,"minecraft:powered_rail":8,"minecraft:redstone":133,"minecraft:oak_sign":3,"minecraft:cactus":1,"minecraft:ender_pearl":45,"minecraft:green_banner":20,"minecraft:chest":14,"minecraft:sandstone":862,"minecraft:redstone_block":275,"minecraft:zombie_spawn_egg":243,"minecraft:spyglass":25,"minecraft:sheep_spawn_egg":3,"minecraft:grass":1,"minecraft:structure_block":26,"minecraft:sandstone_wall":44,"minecraft:anvil":6,"minecraft:sculk_sensor":31,"littletiles:wrench":12,"minecraft:netherrack":10,"minecraft:torch":172,"minecraft:dirt":1,"littletiles:colored_lava":10,"minecraft:mossy_cobblestone":28,"minecraft:rail":13,"minecraft:sand":128,"minecraft:vine":6,"minecraft:loom":1,"minecraft:cut_sandstone_slab":3,"minecraft:white_carpet":17,"minecraft:tnt":25,"minecraft:red_bed":2,"minecraft:twisting_vines":13,"minecraft:black_banner":9,"minecraft:blue_ice":1,"minecraft:painting":134,"minecraft:end_stone":1,"minecraft:snowball":137,"minecraft:obsidian":1,"minecraft:oak_log":3,"minecraft:sticky_piston":41,"minecraft:glass":170,"minecraft:ender_eye":34,"minecraft:sea_lantern":4,"minecraft:acacia_door":10,"minecraft:grass_block":385,"minecraft:barrier":25,"minecraft:detector_rail":4,"minecraft:tropical_fish_spawn_egg":3,"minecraft:gravel":1,"minecraft:stone_brick_stairs":25,"minecraft:stone_bricks":1964,"minecraft:chiseled_stone_bricks":115,"minecraft:repeater":34,"minecraft:glowstone":89,"minecraft:fishing_rod":819,"minecraft:magma_block":2,"minecraft:cobblestone":3,"minecraft:red_carpet":25,"minecraft:bow":63,"minecraft:written_book":5,"minecraft:white_banner":9,"minecraft:minecart":8,"minecraft:chain_command_block":93,"minecraft:sandstone_slab":47,"minecraft:glass_pane":66,"minecraft:end_portal_frame":39,"minecraft:orange_terracotta":223,"minecraft:cobweb":27},"minecraft:killed":{"minecraft:endermite":4,"minecraft:wandering_trader":2,"minecraft:slime":203,"minecraft:sheep":2,"minecraft:skeleton":5,"minecraft:trader_llama":4,"minecraft:zombie":1,"minecraft:villager":1},"minecraft:custom":{"minecraft:interact_with_anvil":16,"minecraft:mob_kills":222,"minecraft:interact_with_loom":4,"minecraft:leave_game":22,"minecraft:time_since_death":582094,"minecraft:sleep_in_bed":1,"minecraft:climb_one_cm":577,"minecraft:time_since_rest":285430,"minecraft:sprint_one_cm":970720,"minecraft:walk_one_cm":1838122,"minecraft:drop":103,"minecraft:minecart_one_cm":16316,"minecraft:damage_dealt":5114,"minecraft:talked_to_villager":6,"minecraft:fly_one_cm":3465621,"minecraft:open_chest":63,"minecraft:crouch_one_cm":4123,"minecraft:play_time":582099,"minecraft:sneak_time":1427,"minecraft:jump":4242,"minecraft:total_world_time":1063403},"minecraft:dropped":{"minecraft:zombie_spawn_egg":2,"minecraft:birch_leaves":1,"minecraft:ender_pearl":1,"minecraft:minecart":1,"minecraft:sticky_piston":3,"minecraft:netherite_sword":1,"littletiles:blockingredient":1,"minecraft:sculk_sensor":1,"littletiles:blueprint":2,"minecraft:structure_block":3,"minecraft:ender_eye":1,"littletiles:chisel":4,"minecraft:grass_block":71,"minecraft:glass_pane":1,"minecraft:chiseled_stone_bricks":3,"minecraft:dirt":28,"minecraft:trident":1,"minecraft:orange_terracotta":1,"minecraft:torch":2,"littletiles:hammer":1,"minecraft:snowball":6,"minecraft:end_portal_frame":1,"minecraft:stone_bricks":1,"minecraft:sand":1,"minecraft:powered_rail":1,"minecraft:chain_command_block":3,"minecraft:paper":66,"minecraft:fishing_rod":3,"minecraft:netherrack":1,"minecraft:redstone_block":10,"minecraft:redstone":2},"minecraft:picked_up":{"littletiles:hammer":1,"minecraft:fishing_rod":2,"minecraft:birch_leaves":1,"minecraft:redstone_block":10,"minecraft:repeater":1,"minecraft:structure_block":2,"minecraft:leather":4,"minecraft:lead":4,"littletiles:chisel":2,"minecraft:dirt":404,"minecraft:sticky_piston":3,"minecraft:orange_terracotta":1,"minecraft:bone":5,"minecraft:glass_pane":1,"minecraft:stone_bricks":1,"minecraft:netherite_sword":1,"minecraft:minecart":1,"minecraft:powered_rail":1,"minecraft:chain_command_block":3,"minecraft:chiseled_stone_bricks":3,"minecraft:torch":2,"minecraft:grass_block":4,"minecraft:trident":1,"minecraft:redstone":3,"minecraft:zombie_spawn_egg":2,"minecraft:arrow":5,"minecraft:sculk_sensor":1,"minecraft:rotten_flesh":749,"minecraft:slime_ball":118,"minecraft:diamond":128,"minecraft:mutton":2,"minecraft:snowball":6,"minecraft:white_wool":2,"minecraft:ender_pearl":1}},"DataVersion":3465}