{"stat.leaveGame":10,"stat.killEntity.Slime":18,"stat.drop.minecraft.sandstone":1,"stat.jump":2467,"stat.swimOneCm":1579,"stat.crouchOneCm":6640,"stat.useItem.minecraft.stone_slab2":2313,"stat.useItem.minecraft.water_bucket":61,"stat.useItem.minecraft.sapling":1,"stat.damageTaken":1100,"stat.useItem.minecraft.acacia_door":24,"stat.noteblockTuned":111,"stat.useItem.customnpcs.npcwand":1,"stat.flyOneCm":1726007,"stat.pickup.minecraft.sandstone":1,"stat.pickup.minecraft.concrete":1,"stat.killEntity.Villager":188,"stat.damageDealt":390,"stat.pickup.minecraft.redstone":2,"stat.timeSinceDeath":192199,"stat.killEntity.Cow":1,"stat.useItem.minecraft.spawn_egg":149,"stat.killEntity.Pig":1,"stat.pickup.minecraft.mutton":4,"stat.pickup.ctb.m24":1,"stat.walkOneCm":952443,"stat.useItem.minecraft.torch":1,"stat.trappedChestTriggered":4,"stat.drop.ctb.fg42":5,"stat.talkedToVillager":5,"stat.pickup.minecraft.redstone_block":1,"stat.useItem.minecraft.redstone":2,"stat.drop.minecraft.sapling":23,"stat.pickup.minecraft.chicken":1,"stat.pickup.minecraft.sapling":23,"stat.sprintOneCm":531346,"stat.pickup.minecraft.banner":3,"stat.pickup.minecraft.acacia_door":6,"stat.killEntity.Chicken":1,"stat.mobKills":217,"stat.pickup.ctb.fg42":5,"stat.deaths":3,"stat.drop":30,"stat.playOneMinute":210985,"stat.pickup.minecraft.torch":3,"stat.killEntity.Sheep":6,"stat.useItem.minecraft.banner":3,"stat.drop.ctb.m24":1,"stat.sneakTime":2137,"stat.pickup.minecraft.slime_ball":4,"stat.pickup.minecraft.wool":3,"stat.useItem.minecraft.wooden_axe":5,"stat.diveOneCm":1891}