{"stats":{"minecraft:mined":{"minecraft:chest":37},"minecraft:dropped":{"minecraft:dirt":421,"minecraft:diamond":22,"minecraft:villager_spawn_egg":2,"minecraft:chain_command_block":2,"minecraft:trapped_chest":1,"minecraft:white_wool":30,"minecraft:redstone_block":1,"minecraft:redstone":1},"minecraft:picked_up":{"minecraft:chain_command_block":2,"minecraft:redstone_block":1,"minecraft:villager_spawn_egg":2,"minecraft:redstone":1,"minecraft:trapped_chest":1,"minecraft:dirt":5,"minecraft:diamond":22,"minecraft:chest":35,"minecraft:white_wool":313},"minecraft:custom":{"minecraft:time_since_rest":68010,"minecraft:sprint_one_cm":172826,"minecraft:walk_one_cm":98984,"minecraft:trigger_trapped_chest":215,"minecraft:interact_with_anvil":1,"minecraft:mob_kills":3,"minecraft:drop":310,"minecraft:damage_dealt":153,"minecraft:talked_to_villager":6,"minecraft:fly_one_cm":285172,"minecraft:open_chest":80,"minecraft:crouch_one_cm":2076,"minecraft:play_time":68010,"minecraft:sneak_time":755,"minecraft:jump":685,"minecraft:leave_game":1,"minecraft:time_since_death":68010,"minecraft:total_world_time":114376,"minecraft:fall_one_cm":418},"minecraft:used":{"minecraft:lever":14,"minecraft:villager_spawn_egg":25,"minecraft:iron_axe":37,"minecraft:redstone":15,"minecraft:oak_button":1,"minecraft:chest":18,"minecraft:stone":3,"minecraft:redstone_block":40,"minecraft:oak_pressure_plate":1,"minecraft:white_wool":11,"minecraft:dirt":111,"minecraft:anvil":1,"minecraft:chain_command_block":65,"minecraft:trapped_chest":16}},"DataVersion":3465}