{"stat.chestOpened":184,"stat.walkOneCm":510979,"stat.pickup.minecraft.wooden_axe":1,"stat.leaveGame":3,"stat.pickup.minecraft.carpet":11,"stat.pickup.minecraft.lapis_block":6,"stat.useItem.minecraft.carpet":15,"stat.pickup.minecraft.redstone_block":2,"stat.jump":2283,"stat.swimOneCm":6037,"stat.fallOneCm":2387,"stat.pickup.minecraft.porkchop":5,"stat.drop.minecraft.lapis_block":13,"stat.crouchOneCm":19525,"stat.pickup.minecraft.glass":309,"stat.sprintOneCm":288081,"stat.useItem.minecraft.stone_slab2":3666,"stat.useItem.minecraft.concrete":263,"stat.drop.minecraft.glass":10,"stat.useItem.minecraft.water_bucket":152,"stat.useItem.minecraft.glass":274,"stat.damageTaken":450,"stat.drop.minecraft.concrete":99,"stat.mobKills":7,"stat.useItem.customnpcs.npcwand":3,"stat.flyOneCm":2580069,"stat.deaths":46,"stat.pickup.minecraft.concrete":141,"stat.drop":125,"stat.playOneMinute":227426,"stat.useItem.minecraft.wooden_sword":10,"stat.pickup.minecraft.torch":5,"stat.sneakTime":4140,"stat.killEntity.Villager":2,"stat.drop.minecraft.redstone_block":2,"stat.damageDealt":0,"stat.timeSinceDeath":3466,"stat.useItem.minecraft.spawn_egg":1,"stat.killEntity.Pig":4,"stat.drop.minecraft.wooden_axe":1}