{"stat.pickup.minecraft.spawn_egg":1,"stat.flyOneCm":595476,"stat.deaths":4,"stat.walkOneCm":102913,"stat.pickup.minecraft.concrete":1,"stat.drop":1,"stat.jump":261,"stat.playOneMinute":37165,"stat.fallOneCm":1081,"stat.leaveGame":1,"stat.sneakTime":281,"stat.killEntity.Villager":4,"stat.damageTaken":80,"stat.pickup.minecraft.porkchop":3,"stat.crouchOneCm":1308,"stat.timeSinceDeath":24894,"stat.drop.minecraft.concrete":1,"stat.sprintOneCm":52105,"stat.mobKills":4,"stat.useItem.minecraft.stone_slab2":460,"stat.useItem.minecraft.spawn_egg":6}